{
  "orgs": [
    "twitter",
    "twitterdev",
    "pantsbuild"
  ],
  "projects": {
    "twitter": [
      "scoot",
      "wordpress",
      "scrooge",
      "torch-distlearn",
      "analytics-infra-governance",
      "activerecord-reputation-system",
      "zktraffic",
      "hbc",
      "spitball",
      "second-control-probability-distributions",
      "periscope-live-engagement-unity-sdk",
      "twurl",
      "twitter-server",
      "interactive",
      "sekhmet",
      "gatekeeper-service",
      "bijection",
      "torch-dataset",
      "GraphJet",
      "groupcache",
      "libwatchman",
      "typeahead.js",
      "algebird",
      "scala-json",
      "ios-twitter-image-pipeline",
      "finatra",
      "distributedlog",
      "d3kit",
      "hogan.js",
      "scala_school2",
      "meta-learning-lstm",
      "twitter-cldr-rb",
      "hpack",
      "cloudhopper-commons",
      "finatra-activator-thrift-seed",
      "css-flip",
      "whiskey",
      "chill",
      "rpc-perf",
      "twemcache",
      "sslconfig",
      "joauth",
      "caladrius",
      "CocoaSPDY",
      "BreakoutDetection",
      "ccommon",
      "gpl-commitment",
      "pelikan",
      "ossdecks",
      "elephant-bird",
      "SentenTree",
      "hraven",
      "effectivescala",
      "cdk",
      "innovators-patent-agreement",
      "twitter-cldr-js",
      "hadoop-lzo",
      "finatra-misc",
      "torch-thrift",
      "torch-autograd",
      "nodes",
      "util",
      "curation-style-guide",
      "summingbird",
      "netty-http2",
      "recess",
      "twemoji",
      "torch-twrl",
      "scala_school",
      "dodo",
      "twitter-korean-text",
      "fatcache",
      "Serial",
      "twitter-text",
      "torch-decisiontree",
      "scalding",
      "twemproxy",
      "secure_headers",
      "tormenta",
      "hdfs-du",
      "ios-twitter-network-layer",
      "vireo",
      "torch-ipc",
      "commons",
      "twemoji-parser",
      "iago2",
      "pycascading",
      "storehaus",
      "finagle",
      "twitter.github.io",
      "sqrl",
      "ios-twitter-logging-service",
      "cassovary",
      "finatra-activator-http-seed",
      "labella.js",
      "diffy",
      "ostrich",
      "cli-guide.js",
      "go-bindata",
      "twitter-cldr-npm",
      "AnomalyDetection",
      "bookkeeper",
      "code-of-conduct",
      "repo-scaffolding",
      "ambrose",
      "rsc",
      "thrift_client"
    ],
    "twitterdev": [
      "Gnip-Analysis-Pipeline",
      "chrome-extension-tweetbar",
      "postman-twitter-ads-api",
      "streaming-demos-node",
      "Gnip-Insights-Interface",
      "engagement-api-explorer",
      "engagement-api-client-ruby",
      "preview-docs_feedback-api",
      "twitter-webhook-boilerplate-node",
      "twitter-realtime-voting",
      "twitter-ruby-ads-sdk",
      "search-tweets-python",
      "user-matching-campaign",
      "Gnip-Analysis-Tools",
      "twitterkit-timelines-ios",
      "TwitterKitSample",
      "twitter-python-ads-sdk",
      "labs-sample-code",
      "do_more_with_twitter_data",
      "SnowBotDev",
      "analytics-tag-check",
      "django-rest-apis",
      "Photobooth",
      "feedback-api-backfill",
      "live-event-android",
      "twitter-leaderboard",
      "Gnip-Tweet-Evaluation",
      "sample-angular-node",
      "chrome-extension-collections",
      "python-enterprise-scripts",
      "collections-webserver",
      "node-timeline-visualizations",
      "data-ads-sample",
      "spotatweet",
      "historator",
      "Gnip-Search-API-Utilities",
      "Gnip-Python-Historical-Utilities",
      "ruby-app-tweetmap",
      "rails-historical-api-demo",
      "cards-player-samples",
      "enterprise-scripts-python",
      "large-video-upload-python",
      "parking",
      "sinatra-cf-twitter",
      "Gnip-Stream-Collector-Metrics",
      "ruby-enterprise-scripts",
      "api-rosetta-code",
      "Data-Science-45min-Intros",
      "twauth-web",
      "make-music-together",
      "account-activity-dashboard",
      "audience-api-client-ruby",
      "Gnip-Filter-Optimization",
      "gnip-python-sdk",
      "twitter-streaming-blink1",
      "tweet-updates",
      "twttr-kinesis",
      "ads-platform-tools",
      "android-samples",
      "twitter-stream-globe",
      "ton-upload",
      "tweet_parser",
      "search-tweets-ruby",
      "account-activity-dashboard-enterprise",
      "autohook",
      "leadgencard-endpoint",
      "tweet-search",
      "tweather",
      "Gnip-Trend-Detection",
      "web-recipes",
      "twitter-for-bigquery"
    ],
    "pantsbuild": [
      "pants",
      "pex"
    ]
  }
}
