{"twitter/hadoop-lzo": {"nameWithOwner": "twitter/hadoop-lzo", "name": "hadoop-lzo", "descriptionHTML": "<div>Refactored version of code.google.com/hadoop-gpl-compression for hadoop 0.20</div>", "homepageUrl": "", "isPrivate": false, "repositoryTopics": "", "primaryLanguage": {"name": "Shell", "color": "#89e051"}, "languages": "Shell Java C", "pushedAt": "2019-06-07T00:13:10Z", "forkCount": 286, "stargazers": 495, "watchers": 151}, "twitter/thrift_client": {"nameWithOwner": "twitter/thrift_client", "name": "thrift_client", "descriptionHTML": "<div>A Thrift client wrapper that encapsulates some common failover behavior</div>", "homepageUrl": "http://github.com/twitter/thrift_client", "isPrivate": false, "repositoryTopics": "", "primaryLanguage": {"name": "Ruby", "color": "#701516"}, "languages": "Ruby", "pushedAt": "2019-06-06T01:36:44Z", "forkCount": 77, "stargazers": 192, "watchers": 121}, "twitter/twurl": {"nameWithOwner": "twitter/twurl", "name": "twurl", "descriptionHTML": "<div>OAuth-enabled curl for the Twitter API</div>", "homepageUrl": "https://developer.twitter.com", "isPrivate": false, "repositoryTopics": "twitter twitter-api ruby curl cli", "primaryLanguage": {"name": "Ruby", "color": "#701516"}, "languages": "Ruby", "pushedAt": "2019-12-30T19:40:24Z", "forkCount": 262, "stargazers": 1333, "watchers": 184}, "twitter/elephant-bird": {"nameWithOwner": "twitter/elephant-bird", "name": "elephant-bird", "descriptionHTML": "<div>Twitter's collection of LZO and Protocol Buffer-related Hadoop, Pig, Hive, and HBase code.</div>", "homepageUrl": "", "isPrivate": false, "repositoryTopics": "", "primaryLanguage": {"name": "Java", "color": "#b07219"}, "languages": "Java", "pushedAt": "2019-08-27T16:44:30Z", "forkCount": 389, "stargazers": 1097, "watchers": 199}, "twitter/ostrich": {"nameWithOwner": "twitter/ostrich", "name": "ostrich", "descriptionHTML": "<div>A stats collector &amp; reporter for Scala servers (deprecated)</div>", "homepageUrl": "", "isPrivate": false, "repositoryTopics": "", "primaryLanguage": {"name": "Scala", "color": "#c22d40"}, "languages": "Scala JavaScript", "pushedAt": "2019-06-06T01:48:53Z", "forkCount": 100, "stargazers": 787, "watchers": 198}, "twitter/scala_school": {"nameWithOwner": "twitter/scala_school", "name": "scala_school", "descriptionHTML": "<div>Lessons in the Fundamentals of Scala</div>", "homepageUrl": "http://twitter.github.com/scala_school", "isPrivate": false, "repositoryTopics": "", "primaryLanguage": {"name": "HTML", "color": "#e34c26"}, "languages": "Scala Java Shell HTML", "pushedAt": "2019-06-14T18:50:41Z", "forkCount": 1096, "stargazers": 3494, "watchers": 344}, "twitter/finagle": {"nameWithOwner": "twitter/finagle", "name": "finagle", "descriptionHTML": "<div>A fault tolerant, protocol-agnostic RPC system</div>", "homepageUrl": "http://twitter.github.io/finagle", "isPrivate": false, "repositoryTopics": "rpc distributed-systems finagle http http2 thrift mysql memcached redis zipkin java scala", "primaryLanguage": {"name": "Scala", "color": "#c22d40"}, "languages": "Scala", "pushedAt": "2020-01-24T00:34:37Z", "forkCount": 1323, "stargazers": 7475, "watchers": 586}, "twitter/joauth": {"nameWithOwner": "twitter/joauth", "name": "joauth", "descriptionHTML": "<div>A Java library for authenticating HTTP Requests using OAuth</div>", "homepageUrl": "", "isPrivate": false, "repositoryTopics": "", "primaryLanguage": {"name": "Java", "color": "#b07219"}, "languages": "Scala Java", "pushedAt": "2019-06-05T23:24:09Z", "forkCount": 51, "stargazers": 190, "watchers": 134}, "twitter/twitter.github.io": {"nameWithOwner": "twitter/twitter.github.io", "name": "twitter.github.io", "descriptionHTML": "<div>A listing of open source efforts at Twitter on GitHub</div>", "homepageUrl": "http://twitter.github.io", "isPrivate": false, "repositoryTopics": "", "primaryLanguage": {"name": "CSS", "color": "#563d7c"}, "languages": "CSS JavaScript HTML Python", "pushedAt": "2020-01-26T06:04:12Z", "forkCount": 486, "stargazers": 1299, "watchers": 465}, "twitter/util": {"nameWithOwner": "twitter/util", "name": "util", "descriptionHTML": "<div>Wonderful reusable code from Twitter</div>", "homepageUrl": "http://twitter.github.com/util", "isPrivate": false, "repositoryTopics": "finagle scala utility", "primaryLanguage": {"name": "Scala", "color": "#c22d40"}, "languages": "Scala Java", "pushedAt": "2020-01-23T19:58:33Z", "forkCount": 516, "stargazers": 2338, "watchers": 246}, "twitter/scrooge": {"nameWithOwner": "twitter/scrooge", "name": "scrooge", "descriptionHTML": "<div>A Thrift parser/generator</div>", "homepageUrl": "http://twitter.github.io/scrooge/", "isPrivate": false, "repositoryTopics": "finagle thrift code-generation lua java scala android cocoa", "primaryLanguage": {"name": "Scala", "color": "#c22d40"}, "languages": "Scala HTML Java Objective-C", "pushedAt": "2019-12-29T03:26:07Z", "forkCount": 223, "stargazers": 694, "watchers": 184}, "twitter/pycascading": {"nameWithOwner": "twitter/pycascading", "name": "pycascading", "descriptionHTML": "<div>A Python wrapper for Cascading</div>", "homepageUrl": "", "isPrivate": false, "repositoryTopics": "", "primaryLanguage": {"name": "Python", "color": "#3572A5"}, "languages": "Shell Python Java", "pushedAt": "2019-12-30T06:57:34Z", "forkCount": 36, "stargazers": 226, "watchers": 136}, "twitter/hogan.js": {"nameWithOwner": "twitter/hogan.js", "name": "hogan.js", "descriptionHTML": "<div>A compiler for the Mustache templating language</div>", "homepageUrl": "http://twitter.github.com/hogan.js", "isPrivate": false, "repositoryTopics": "", "primaryLanguage": {"name": "JavaScript", "color": "#f1e05a"}, "languages": "JavaScript", "pushedAt": "2019-06-14T13:31:35Z", "forkCount": 443, "stargazers": 5032, "watchers": 259}, "twitter/scalding": {"nameWithOwner": "twitter/scalding", "name": "scalding", "descriptionHTML": "<div>A Scala API for Cascading</div>", "homepageUrl": "http://twitter.com/scalding", "isPrivate": false, "repositoryTopics": "", "primaryLanguage": {"name": "Scala", "color": "#c22d40"}, "languages": "Java Scala", "pushedAt": "2020-01-03T06:15:25Z", "forkCount": 679, "stargazers": 3215, "watchers": 334}, "twitter/effectivescala": {"nameWithOwner": "twitter/effectivescala", "name": "effectivescala", "descriptionHTML": "<div>Twitter's Effective Scala Guide</div>", "homepageUrl": "http://twitter.github.com/effectivescala", "isPrivate": false, "repositoryTopics": "", "primaryLanguage": {"name": "HTML", "color": "#e34c26"}, "languages": "Makefile Shell HTML", "pushedAt": "2019-06-07T17:08:04Z", "forkCount": 604, "stargazers": 2134, "watchers": 277}, "twitter/finatra": {"nameWithOwner": "twitter/finatra", "name": "finatra", "descriptionHTML": "<div>Fast, testable, Scala services built on TwitterServer and Finagle</div>", "homepageUrl": "https://twitter.github.io/finatra/", "isPrivate": false, "repositoryTopics": "scala finagle twitter-server http framework microservices thrift guice slf4j testing", "primaryLanguage": {"name": "Scala", "color": "#c22d40"}, "languages": "Java Scala", "pushedAt": "2020-01-07T23:26:33Z", "forkCount": 363, "stargazers": 1975, "watchers": 233}, "twitter/cassovary": {"nameWithOwner": "twitter/cassovary", "name": "cassovary", "descriptionHTML": "<div>Cassovary is a simple big graph processing library for the JVM</div>", "homepageUrl": "http://twitter.com/cassovary", "isPrivate": false, "repositoryTopics": "", "primaryLanguage": {"name": "Scala", "color": "#c22d40"}, "languages": "Scala", "pushedAt": "2019-06-07T17:03:38Z", "forkCount": 132, "stargazers": 979, "watchers": 170}, "twitter/twemproxy": {"nameWithOwner": "twitter/twemproxy", "name": "twemproxy", "descriptionHTML": "<div>A fast, light-weight proxy for memcached and redis</div>", "homepageUrl": "", "isPrivate": false, "repositoryTopics": "", "primaryLanguage": {"name": "C", "color": "#555555"}, "languages": "Python Shell C", "pushedAt": "2019-10-26T11:11:36Z", "forkCount": 1717, "stargazers": 9575, "watchers": 851}, "twitter/twitter-cldr-rb": {"nameWithOwner": "twitter/twitter-cldr-rb", "name": "twitter-cldr-rb", "descriptionHTML": "<div>Ruby implementation of the ICU (International Components for Unicode) that uses the Common Locale Data Repository to format dates, plurals, and more.</div>", "homepageUrl": "", "isPrivate": false, "repositoryTopics": "", "primaryLanguage": {"name": "Ruby", "color": "#701516"}, "languages": "Ruby", "pushedAt": "2020-01-05T00:52:26Z", "forkCount": 72, "stargazers": 597, "watchers": 127}, "twitter/innovators-patent-agreement": {"nameWithOwner": "twitter/innovators-patent-agreement", "name": "innovators-patent-agreement", "descriptionHTML": "<div>Innovators Patent Agreement (IPA)</div>", "homepageUrl": "", "isPrivate": false, "repositoryTopics": "", "primaryLanguage": null, "languages": "", "pushedAt": "2016-06-14T06:33:54Z", "forkCount": 131, "stargazers": 906, "watchers": 180}, "twitter/recess": {"nameWithOwner": "twitter/recess", "name": "recess", "descriptionHTML": "<div>A simple and attractive code quality tool for CSS built on top of LESS</div>", "homepageUrl": "http://twitter.github.com/recess", "isPrivate": false, "repositoryTopics": "", "primaryLanguage": {"name": "CSS", "color": "#563d7c"}, "languages": "CSS JavaScript", "pushedAt": "2016-04-18T11:53:32Z", "forkCount": 207, "stargazers": 2236, "watchers": 185}, "twitter/ambrose": {"nameWithOwner": "twitter/ambrose", "name": "ambrose", "descriptionHTML": "<div>A platform for visualization and real-time monitoring of data workflows</div>", "homepageUrl": "http://twitter.com/ambrose", "isPrivate": false, "repositoryTopics": "", "primaryLanguage": {"name": "Java", "color": "#b07219"}, "languages": "Java JavaScript", "pushedAt": "2020-01-22T18:54:23Z", "forkCount": 217, "stargazers": 1196, "watchers": 221}, "twitter/activerecord-reputation-system": {"nameWithOwner": "twitter/activerecord-reputation-system", "name": "activerecord-reputation-system", "descriptionHTML": "<div>An Active Record Reputation System for Rails</div>", "homepageUrl": "", "isPrivate": false, "repositoryTopics": "", "primaryLanguage": {"name": "Ruby", "color": "#701516"}, "languages": "Ruby", "pushedAt": "2016-01-14T23:40:36Z", "forkCount": 126, "stargazers": 1341, "watchers": 152}, "twitter/twemcache": {"nameWithOwner": "twitter/twemcache", "name": "twemcache", "descriptionHTML": "<div>Twemcache is the Twitter Memcached</div>", "homepageUrl": "https://twitter.com/twemcache", "isPrivate": false, "repositoryTopics": "", "primaryLanguage": {"name": "C", "color": "#555555"}, "languages": "Python Ruby C", "pushedAt": "2019-08-29T23:26:04Z", "forkCount": 148, "stargazers": 860, "watchers": 235}, "twitter/twitter-cldr-js": {"nameWithOwner": "twitter/twitter-cldr-js", "name": "twitter-cldr-js", "descriptionHTML": "<div>JavaScript implementation of the ICU (International Components for Unicode) that uses the Common Locale Data Repository to format dates, plurals, and more.  Based on twitter-cldr-rb.</div>", "homepageUrl": "", "isPrivate": false, "repositoryTopics": "", "primaryLanguage": {"name": "JavaScript", "color": "#f1e05a"}, "languages": "JavaScript", "pushedAt": "2019-08-30T14:54:22Z", "forkCount": 42, "stargazers": 313, "watchers": 130}, "twitter/algebird": {"nameWithOwner": "twitter/algebird", "name": "algebird", "descriptionHTML": "<div>Abstract Algebra for Scala</div>", "homepageUrl": "https://twitter.github.io/algebird", "isPrivate": false, "repositoryTopics": "", "primaryLanguage": {"name": "Scala", "color": "#c22d40"}, "languages": "Scala", "pushedAt": "2020-01-19T00:41:39Z", "forkCount": 294, "stargazers": 1928, "watchers": 257}, "twitter/hdfs-du": {"nameWithOwner": "twitter/hdfs-du", "name": "hdfs-du", "descriptionHTML": "<div>Visualize your HDFS cluster usage</div>", "homepageUrl": "https://twitter.com/hdfsdu", "isPrivate": false, "repositoryTopics": "", "primaryLanguage": {"name": "JavaScript", "color": "#f1e05a"}, "languages": "Java JavaScript", "pushedAt": "2019-06-07T01:02:25Z", "forkCount": 83, "stargazers": 208, "watchers": 146}, "twitter/twitter-cldr-npm": {"nameWithOwner": "twitter/twitter-cldr-npm", "name": "twitter-cldr-npm", "descriptionHTML": "<div>TwitterCldr npm package</div>", "homepageUrl": "", "isPrivate": false, "repositoryTopics": "", "primaryLanguage": {"name": "JavaScript", "color": "#f1e05a"}, "languages": "JavaScript", "pushedAt": "2019-08-26T16:06:02Z", "forkCount": 18, "stargazers": 35, "watchers": 118}, "twitter/tormenta": {"nameWithOwner": "twitter/tormenta", "name": "tormenta", "descriptionHTML": "<div>Scala extensions for Storm</div>", "homepageUrl": "", "isPrivate": false, "repositoryTopics": "", "primaryLanguage": {"name": "Scala", "color": "#c22d40"}, "languages": "Scala Shell Java", "pushedAt": "2019-06-07T01:01:52Z", "forkCount": 27, "stargazers": 133, "watchers": 138}, "twitter/summingbird": {"nameWithOwner": "twitter/summingbird", "name": "summingbird", "descriptionHTML": "<div>Streaming MapReduce with Scalding and Storm</div>", "homepageUrl": "https://twitter.com/summingbird", "isPrivate": false, "repositoryTopics": "", "primaryLanguage": {"name": "Scala", "color": "#c22d40"}, "languages": "Scala", "pushedAt": "2019-06-06T17:24:18Z", "forkCount": 264, "stargazers": 2064, "watchers": 298}, "twitter/chill": {"nameWithOwner": "twitter/chill", "name": "chill", "descriptionHTML": "<div>Scala extensions for the Kryo serialization library</div>", "homepageUrl": "https://twitter.com/scalding", "isPrivate": false, "repositoryTopics": "", "primaryLanguage": {"name": "Scala", "color": "#c22d40"}, "languages": "Scala Java", "pushedAt": "2020-01-17T16:24:23Z", "forkCount": 114, "stargazers": 526, "watchers": 141}, "twitter/secure_headers": {"nameWithOwner": "twitter/secure_headers", "name": "secure_headers", "descriptionHTML": "<div>Manages application of security headers with many safe defaults</div>", "homepageUrl": "", "isPrivate": false, "repositoryTopics": "secure-headers csp hsts referrer-policy rack middleware xframe-options ruby cookie content-security-policy", "primaryLanguage": {"name": "Ruby", "color": "#701516"}, "languages": "Ruby", "pushedAt": "2020-01-23T22:46:04Z", "forkCount": 198, "stargazers": 2712, "watchers": 187}, "twitter/bijection": {"nameWithOwner": "twitter/bijection", "name": "bijection", "descriptionHTML": "<div>Reversible conversions between types</div>", "homepageUrl": "", "isPrivate": false, "repositoryTopics": "", "primaryLanguage": {"name": "Scala", "color": "#c22d40"}, "languages": "Scala Java", "pushedAt": "2020-01-17T16:26:59Z", "forkCount": 97, "stargazers": 586, "watchers": 156}, "twitter/fatcache": {"nameWithOwner": "twitter/fatcache", "name": "fatcache", "descriptionHTML": "<div>Memcache on SSD</div>", "homepageUrl": "", "isPrivate": false, "repositoryTopics": "", "primaryLanguage": {"name": "C", "color": "#555555"}, "languages": "C", "pushedAt": "2017-04-22T14:52:05Z", "forkCount": 166, "stargazers": 1267, "watchers": 215}, "twitter/storehaus": {"nameWithOwner": "twitter/storehaus", "name": "storehaus", "descriptionHTML": "<div>Storehaus is a library that makes it easy to work with asynchronous key value stores</div>", "homepageUrl": "", "isPrivate": false, "repositoryTopics": "", "primaryLanguage": {"name": "Scala", "color": "#c22d40"}, "languages": "Scala", "pushedAt": "2019-12-12T21:09:37Z", "forkCount": 80, "stargazers": 457, "watchers": 145}, "twitter/hbc": {"nameWithOwner": "twitter/hbc", "name": "hbc", "descriptionHTML": "<div>A Java HTTP client for consuming Twitter's realtime Streaming API</div>", "homepageUrl": "https://developer.twitter.com/en/docs/tweets/filter-realtime/overview", "isPrivate": false, "repositoryTopics": "twitter4j stream java realtime tweets", "primaryLanguage": {"name": "Java", "color": "#b07219"}, "languages": "Java", "pushedAt": "2019-12-28T05:56:56Z", "forkCount": 327, "stargazers": 835, "watchers": 201}, "twitter/typeahead.js": {"nameWithOwner": "twitter/typeahead.js", "name": "typeahead.js", "descriptionHTML": "<div>typeahead.js is a fast and fully-featured autocomplete library</div>", "homepageUrl": "http://twitter.github.com/typeahead.js/", "isPrivate": false, "repositoryTopics": "", "primaryLanguage": {"name": "JavaScript", "color": "#f1e05a"}, "languages": "JavaScript", "pushedAt": "2020-01-20T18:49:08Z", "forkCount": 3411, "stargazers": 15968, "watchers": 588}, "twitter/twitter-server": {"nameWithOwner": "twitter/twitter-server", "name": "twitter-server", "descriptionHTML": "<div>Twitter-Server defines a template from which services at Twitter are built</div>", "homepageUrl": "http://twitter.github.io/twitter-server/", "isPrivate": false, "repositoryTopics": "finagle finatra", "primaryLanguage": {"name": "Scala", "color": "#c22d40"}, "languages": "Scala JavaScript", "pushedAt": "2020-01-10T16:53:20Z", "forkCount": 182, "stargazers": 1065, "watchers": 200}, "twitter/netty-http2": {"nameWithOwner": "twitter/netty-http2", "name": "netty-http2", "descriptionHTML": "<div>HTTP/2 for Netty</div>", "homepageUrl": "", "isPrivate": false, "repositoryTopics": "", "primaryLanguage": {"name": "Java", "color": "#b07219"}, "languages": "Java", "pushedAt": "2019-06-07T00:55:15Z", "forkCount": 44, "stargazers": 102, "watchers": 121}, "twitter/interactive": {"nameWithOwner": "twitter/interactive", "name": "interactive", "descriptionHTML": "<div>Twitter interactive visualization</div>", "homepageUrl": "http://twitter.github.io/interactive", "isPrivate": false, "repositoryTopics": "", "primaryLanguage": {"name": "ApacheConf", "color": null}, "languages": "CSS HTML ApacheConf", "pushedAt": "2019-06-06T18:01:08Z", "forkCount": 67, "stargazers": 206, "watchers": 156}, "twitter/scala_school2": {"nameWithOwner": "twitter/scala_school2", "name": "scala_school2", "descriptionHTML": "<div>Scala School 2</div>", "homepageUrl": null, "isPrivate": false, "repositoryTopics": "", "primaryLanguage": {"name": "Scala", "color": "#c22d40"}, "languages": "Scala CSS JavaScript HTML", "pushedAt": "2019-06-07T00:53:34Z", "forkCount": 68, "stargazers": 323, "watchers": 161}, "twitter/hraven": {"nameWithOwner": "twitter/hraven", "name": "hraven", "descriptionHTML": "<div>hRaven collects run time data and statistics from MapReduce jobs in an easily queryable format</div>", "homepageUrl": "https://twitter.com/twitterhadoop", "isPrivate": false, "repositoryTopics": "", "primaryLanguage": {"name": "Java", "color": "#b07219"}, "languages": "Java", "pushedAt": "2019-08-29T23:30:12Z", "forkCount": 64, "stargazers": 124, "watchers": 140}, "twitter/cdk": {"nameWithOwner": "twitter/cdk", "name": "cdk", "descriptionHTML": "<div>CDK is a tool to quickly generate single-file html slide presentations from AsciiDoc</div>", "homepageUrl": "http://cdk.readthedocs.org/en/latest/", "isPrivate": false, "repositoryTopics": "", "primaryLanguage": {"name": "CSS", "color": "#563d7c"}, "languages": "Python JavaScript CSS", "pushedAt": "2019-06-07T00:53:15Z", "forkCount": 24, "stargazers": 74, "watchers": 121}, "twitter/code-of-conduct": {"nameWithOwner": "twitter/code-of-conduct", "name": "code-of-conduct", "descriptionHTML": "<div>Open Source Code of Conduct at Twitter</div>", "homepageUrl": null, "isPrivate": false, "repositoryTopics": "", "primaryLanguage": null, "languages": "", "pushedAt": "2018-03-10T14:25:02Z", "forkCount": 42, "stargazers": 72, "watchers": 134}, "twitter/cloudhopper-commons": {"nameWithOwner": "twitter/cloudhopper-commons", "name": "cloudhopper-commons", "descriptionHTML": "<div>Cloudhopper Commons</div>", "homepageUrl": null, "isPrivate": false, "repositoryTopics": "", "primaryLanguage": {"name": "Java", "color": "#b07219"}, "languages": "Java", "pushedAt": "2019-11-01T15:24:14Z", "forkCount": 40, "stargazers": 31, "watchers": 127}, "twitter/CocoaSPDY": {"nameWithOwner": "twitter/CocoaSPDY", "name": "CocoaSPDY", "descriptionHTML": "<div>SPDY for iOS and OS X</div>", "homepageUrl": "", "isPrivate": false, "repositoryTopics": "", "primaryLanguage": {"name": "Objective-C", "color": "#438eff"}, "languages": "Objective-C", "pushedAt": "2017-04-03T16:48:52Z", "forkCount": 252, "stargazers": 2408, "watchers": 226}, "twitter/hpack": {"nameWithOwner": "twitter/hpack", "name": "hpack", "descriptionHTML": "<div>Header Compression for HTTP/2</div>", "homepageUrl": "https://twitter.com/http_2", "isPrivate": false, "repositoryTopics": "", "primaryLanguage": {"name": "Java", "color": "#b07219"}, "languages": "Java", "pushedAt": "2019-06-07T00:46:00Z", "forkCount": 44, "stargazers": 163, "watchers": 132}, "twitter/libwatchman": {"nameWithOwner": "twitter/libwatchman", "name": "libwatchman", "descriptionHTML": "<div>A C interface to watchman</div>", "homepageUrl": "", "isPrivate": false, "repositoryTopics": "", "primaryLanguage": {"name": "C", "color": "#555555"}, "languages": "Shell C", "pushedAt": "2019-06-07T00:45:31Z", "forkCount": 20, "stargazers": 36, "watchers": 126}, "twitter/zktraffic": {"nameWithOwner": "twitter/zktraffic", "name": "zktraffic", "descriptionHTML": "<div>ZooKeeper protocol analyzer and stats gathering daemon</div>", "homepageUrl": null, "isPrivate": false, "repositoryTopics": "", "primaryLanguage": {"name": "Python", "color": "#3572A5"}, "languages": "Python", "pushedAt": "2019-08-26T13:03:51Z", "forkCount": 41, "stargazers": 143, "watchers": 121}, "twitter/SentenTree": {"nameWithOwner": "twitter/SentenTree", "name": "SentenTree", "descriptionHTML": "<div>A novel text visualization technique</div>", "homepageUrl": "", "isPrivate": false, "repositoryTopics": "", "primaryLanguage": {"name": "JavaScript", "color": "#f1e05a"}, "languages": "Python JavaScript", "pushedAt": "2019-01-15T12:38:53Z", "forkCount": 31, "stargazers": 126, "watchers": 16}, "twitter/wordpress": {"nameWithOwner": "twitter/wordpress", "name": "wordpress", "descriptionHTML": "<div>The official Twitter plugin for WordPress. Embed Twitter content and grow your audience on Twitter.</div>", "homepageUrl": "https://github.com/twitter/wordpress/wiki", "isPrivate": false, "repositoryTopics": "twitter-plugin php wordpress twitter-cards", "primaryLanguage": {"name": "PHP", "color": "#4F5D95"}, "languages": "PHP", "pushedAt": "2020-01-10T21:11:18Z", "forkCount": 91, "stargazers": 238, "watchers": 118}, "twitter/BreakoutDetection": {"nameWithOwner": "twitter/BreakoutDetection", "name": "BreakoutDetection", "descriptionHTML": "<div>Breakout Detection via Robust E-Statistics</div>", "homepageUrl": "", "isPrivate": false, "repositoryTopics": "", "primaryLanguage": {"name": "C++", "color": "#f34b7d"}, "languages": "R C++", "pushedAt": "2017-08-15T03:23:50Z", "forkCount": 164, "stargazers": 695, "watchers": 165}, "twitter/twitter-korean-text": {"nameWithOwner": "twitter/twitter-korean-text", "name": "twitter-korean-text", "descriptionHTML": "<div>Korean tokenizer</div>", "homepageUrl": null, "isPrivate": false, "repositoryTopics": "", "primaryLanguage": {"name": "Scala", "color": "#c22d40"}, "languages": "Java Scala", "pushedAt": "2019-06-07T00:41:40Z", "forkCount": 153, "stargazers": 724, "watchers": 178}, "twitter/twemoji": {"nameWithOwner": "twitter/twemoji", "name": "twemoji", "descriptionHTML": "<div>Emoji for everyone. <a href=\"https://twemoji.twitter.com/\" rel=\"nofollow\">https://twemoji.twitter.com/</a>\n</div>", "homepageUrl": "", "isPrivate": false, "repositoryTopics": "", "primaryLanguage": {"name": "HTML", "color": "#e34c26"}, "languages": "HTML JavaScript", "pushedAt": "2019-11-15T01:12:44Z", "forkCount": 1230, "stargazers": 10705, "watchers": 337}, "twitter/twitter-text": {"nameWithOwner": "twitter/twitter-text", "name": "twitter-text", "descriptionHTML": "<div>Twitter Text Libraries</div>", "homepageUrl": null, "isPrivate": false, "repositoryTopics": "", "primaryLanguage": {"name": "JavaScript", "color": "#f1e05a"}, "languages": "Ruby HTML Java JavaScript Objective-C", "pushedAt": "2019-11-13T07:58:19Z", "forkCount": 375, "stargazers": 2241, "watchers": 193}, "twitter/AnomalyDetection": {"nameWithOwner": "twitter/AnomalyDetection", "name": "AnomalyDetection", "descriptionHTML": "<div>Anomaly Detection with R</div>", "homepageUrl": "", "isPrivate": false, "repositoryTopics": "", "primaryLanguage": {"name": "R", "color": "#198CE7"}, "languages": "R", "pushedAt": "2019-08-30T19:49:16Z", "forkCount": 699, "stargazers": 3111, "watchers": 331}, "twitter/scala-json": {"nameWithOwner": "twitter/scala-json", "name": "scala-json", "descriptionHTML": "<div>JSON in Scala (deprecated)</div>", "homepageUrl": "", "isPrivate": false, "repositoryTopics": "", "primaryLanguage": {"name": "Scala", "color": "#c22d40"}, "languages": "Scala", "pushedAt": "2019-12-30T06:49:27Z", "forkCount": 5, "stargazers": 3, "watchers": 120}, "twitter/d3kit": {"nameWithOwner": "twitter/d3kit", "name": "d3kit", "descriptionHTML": "<div>D3Kit is a set tools to speed D3 related project development</div>", "homepageUrl": null, "isPrivate": false, "repositoryTopics": "", "primaryLanguage": {"name": "JavaScript", "color": "#f1e05a"}, "languages": "JavaScript", "pushedAt": "2019-12-28T08:29:58Z", "forkCount": 42, "stargazers": 388, "watchers": 109}, "twitter/sslconfig": {"nameWithOwner": "twitter/sslconfig", "name": "sslconfig", "descriptionHTML": "<div>Twitter's OpenSSL Configuration</div>", "homepageUrl": "", "isPrivate": false, "repositoryTopics": "", "primaryLanguage": null, "languages": "", "pushedAt": "2016-05-11T17:26:29Z", "forkCount": 14, "stargazers": 36, "watchers": 112}, "twitter/whiskey": {"nameWithOwner": "twitter/whiskey", "name": "whiskey", "descriptionHTML": "<div>HTTP library for Android (beta)</div>", "homepageUrl": "", "isPrivate": false, "repositoryTopics": "", "primaryLanguage": {"name": "Java", "color": "#b07219"}, "languages": "Java", "pushedAt": "2019-06-07T00:28:14Z", "forkCount": 21, "stargazers": 123, "watchers": 93}, "twitter/cli-guide.js": {"nameWithOwner": "twitter/cli-guide.js", "name": "cli-guide.js", "descriptionHTML": "<div>CLI Guide JQuery Plugin</div>", "homepageUrl": "https://twitter.github.io/cli-guide.js/", "isPrivate": false, "repositoryTopics": "", "primaryLanguage": {"name": "JavaScript", "color": "#f1e05a"}, "languages": "CSS JavaScript", "pushedAt": "2017-01-03T04:04:07Z", "forkCount": 11, "stargazers": 40, "watchers": 8}, "twitter/labella.js": {"nameWithOwner": "twitter/labella.js", "name": "labella.js", "descriptionHTML": "<div>Placing labels on a timeline without overlap.</div>", "homepageUrl": "http://twitter.github.io/labella.js/", "isPrivate": false, "repositoryTopics": "", "primaryLanguage": {"name": "JavaScript", "color": "#f1e05a"}, "languages": "JavaScript", "pushedAt": "2019-12-28T01:41:17Z", "forkCount": 130, "stargazers": 3680, "watchers": 80}, "twitter/finatra-activator-http-seed": {"nameWithOwner": "twitter/finatra-activator-http-seed", "name": "finatra-activator-http-seed", "descriptionHTML": "<div>Typesafe activator template for constructing a Finatra HTTP server application:</div>", "homepageUrl": "https://twitter.github.io/finatra/user-guide/", "isPrivate": false, "repositoryTopics": "activator finagle finatra lightbend microservices scala template http twitter-server", "primaryLanguage": {"name": "Scala", "color": "#c22d40"}, "languages": "Scala HTML", "pushedAt": "2017-10-03T18:09:03Z", "forkCount": 4, "stargazers": 18, "watchers": 27}, "twitter/diffy": {"nameWithOwner": "twitter/diffy", "name": "diffy", "descriptionHTML": "<div>Find potential bugs in your services with Diffy</div>", "homepageUrl": "https://twitter.com/diffyproject", "isPrivate": false, "repositoryTopics": "", "primaryLanguage": {"name": "Scala", "color": "#c22d40"}, "languages": "Scala HTML CSS CoffeeScript", "pushedAt": "2019-08-30T15:01:28Z", "forkCount": 336, "stargazers": 3660, "watchers": 221}, "twitter/finatra-misc": {"nameWithOwner": "twitter/finatra-misc", "name": "finatra-misc", "descriptionHTML": "<div>Miscellaneous  libraries and utils used by Finatra</div>", "homepageUrl": null, "isPrivate": false, "repositoryTopics": "", "primaryLanguage": {"name": "Scala", "color": "#c22d40"}, "languages": "Scala", "pushedAt": "2019-04-11T22:04:55Z", "forkCount": 6, "stargazers": 3, "watchers": 5}, "twitter/pelikan": {"nameWithOwner": "twitter/pelikan", "name": "pelikan", "descriptionHTML": "<div>Pelikan is Twitter's unified cache backend</div>", "homepageUrl": "", "isPrivate": false, "repositoryTopics": "", "primaryLanguage": {"name": "C", "color": "#555555"}, "languages": "C Rust", "pushedAt": "2020-01-22T01:44:10Z", "forkCount": 69, "stargazers": 569, "watchers": 35}, "twitter/ccommon": {"nameWithOwner": "twitter/ccommon", "name": "ccommon", "descriptionHTML": "<div>Cache Commons</div>", "homepageUrl": null, "isPrivate": false, "repositoryTopics": "", "primaryLanguage": {"name": "C", "color": "#555555"}, "languages": "CMake C Rust", "pushedAt": "2019-12-19T01:24:21Z", "forkCount": 26, "stargazers": 70, "watchers": 62}, "twitter/torch-autograd": {"nameWithOwner": "twitter/torch-autograd", "name": "torch-autograd", "descriptionHTML": "<div>Autograd automatically differentiates native Torch code</div>", "homepageUrl": "", "isPrivate": false, "repositoryTopics": "", "primaryLanguage": {"name": "Lua", "color": "#000080"}, "languages": "Lua", "pushedAt": "2019-08-29T23:27:58Z", "forkCount": 109, "stargazers": 546, "watchers": 49}, "twitter/rpc-perf": {"nameWithOwner": "twitter/rpc-perf", "name": "rpc-perf", "descriptionHTML": "<div>A tool for benchmarking RPC services</div>", "homepageUrl": null, "isPrivate": false, "repositoryTopics": "", "primaryLanguage": {"name": "Rust", "color": "#dea584"}, "languages": "Rust", "pushedAt": "2020-01-10T18:49:29Z", "forkCount": 45, "stargazers": 324, "watchers": 21}, "twitter/scoot": {"nameWithOwner": "twitter/scoot", "name": "scoot", "descriptionHTML": "<div>Scoot is a distributed task runner, supporting both a proprietary API and Bazel's Remote Execution.</div>", "homepageUrl": "", "isPrivate": false, "repositoryTopics": "", "primaryLanguage": {"name": "Go", "color": "#00ADD8"}, "languages": "Go", "pushedAt": "2020-01-10T18:18:38Z", "forkCount": 18, "stargazers": 83, "watchers": 15}, "twitter/second-control-probability-distributions": {"nameWithOwner": "twitter/second-control-probability-distributions", "name": "second-control-probability-distributions", "descriptionHTML": "<div></div>", "homepageUrl": null, "isPrivate": false, "repositoryTopics": "", "primaryLanguage": null, "languages": "", "pushedAt": "2016-01-06T01:11:33Z", "forkCount": 1, "stargazers": 1, "watchers": 7}, "twitter/torch-dataset": {"nameWithOwner": "twitter/torch-dataset", "name": "torch-dataset", "descriptionHTML": "<div>An extensible and high performance method of reading, sampling and processing data for Torch</div>", "homepageUrl": "", "isPrivate": false, "repositoryTopics": "", "primaryLanguage": {"name": "Lua", "color": "#000080"}, "languages": "Lua", "pushedAt": "2019-06-06T19:03:26Z", "forkCount": 23, "stargazers": 69, "watchers": 22}, "twitter/torch-ipc": {"nameWithOwner": "twitter/torch-ipc", "name": "torch-ipc", "descriptionHTML": "<div>A set of primitives for parallel computation in Torch</div>", "homepageUrl": "", "isPrivate": false, "repositoryTopics": "", "primaryLanguage": {"name": "C", "color": "#555555"}, "languages": "Lua C", "pushedAt": "2017-06-29T04:17:40Z", "forkCount": 29, "stargazers": 91, "watchers": 23}, "twitter/torch-distlearn": {"nameWithOwner": "twitter/torch-distlearn", "name": "torch-distlearn", "descriptionHTML": "<div>A set of distributed learning algorithms for Torch</div>", "homepageUrl": "", "isPrivate": false, "repositoryTopics": "", "primaryLanguage": {"name": "Lua", "color": "#000080"}, "languages": "Lua", "pushedAt": "2019-06-06T19:03:38Z", "forkCount": 25, "stargazers": 88, "watchers": 22}, "twitter/torch-thrift": {"nameWithOwner": "twitter/torch-thrift", "name": "torch-thrift", "descriptionHTML": "<div>A Thrift codec for Torch</div>", "homepageUrl": "", "isPrivate": false, "repositoryTopics": "", "primaryLanguage": {"name": "C", "color": "#555555"}, "languages": "C Lua", "pushedAt": "2016-03-07T23:36:38Z", "forkCount": 8, "stargazers": 27, "watchers": 16}, "twitter/distributedlog": {"nameWithOwner": "twitter/distributedlog", "name": "distributedlog", "descriptionHTML": "<div>A high performance replicated log service. (The development is moved to Apache Incubator)</div>", "homepageUrl": "http://distributedlog.incubator.apache.org/", "isPrivate": false, "repositoryTopics": "", "primaryLanguage": {"name": "Java", "color": "#b07219"}, "languages": "Java", "pushedAt": "2019-11-01T15:22:35Z", "forkCount": 289, "stargazers": 2264, "watchers": 169}, "twitter/GraphJet": {"nameWithOwner": "twitter/GraphJet", "name": "GraphJet", "descriptionHTML": "<div>GraphJet is a real-time graph processing library.</div>", "homepageUrl": "", "isPrivate": false, "repositoryTopics": "", "primaryLanguage": {"name": "Java", "color": "#b07219"}, "languages": "Java", "pushedAt": "2019-06-07T20:03:25Z", "forkCount": 58, "stargazers": 468, "watchers": 35}, "twitter/finatra-activator-thrift-seed": {"nameWithOwner": "twitter/finatra-activator-thrift-seed", "name": "finatra-activator-thrift-seed", "descriptionHTML": "<div>Typesafe activator template for constructing a Finatra Thrift server application: <a href=\"https://twitter.github.io/finatra/user-guide/\" rel=\"nofollow\">https://twitter.github.io/finatra/user-guide/</a> \u2014</div>", "homepageUrl": null, "isPrivate": false, "repositoryTopics": "finatra thrift finagle twitter-server scala microservices activator lightbend template", "primaryLanguage": {"name": "Scala", "color": "#c22d40"}, "languages": "Scala HTML", "pushedAt": "2017-10-03T18:09:00Z", "forkCount": 7, "stargazers": 10, "watchers": 26}, "twitter/vireo": {"nameWithOwner": "twitter/vireo", "name": "vireo", "descriptionHTML": "<div>Vireo is a lightweight and versatile video processing library written in C++11</div>", "homepageUrl": "", "isPrivate": false, "repositoryTopics": "", "primaryLanguage": {"name": "C++", "color": "#f34b7d"}, "languages": "Makefile Shell C++", "pushedAt": "2019-06-06T21:54:23Z", "forkCount": 63, "stargazers": 685, "watchers": 46}, "twitter/ios-twitter-logging-service": {"nameWithOwner": "twitter/ios-twitter-logging-service", "name": "ios-twitter-logging-service", "descriptionHTML": "<div>Twitter Logging Service is a robust and performant logging framework for iOS clients</div>", "homepageUrl": null, "isPrivate": false, "repositoryTopics": "", "primaryLanguage": {"name": "Objective-C", "color": "#438eff"}, "languages": "Objective-C Swift", "pushedAt": "2019-09-11T15:33:51Z", "forkCount": 23, "stargazers": 257, "watchers": 15}, "twitter/dodo": {"nameWithOwner": "twitter/dodo", "name": "dodo", "descriptionHTML": "<div>The Twitter OSS Project Builder</div>", "homepageUrl": "", "isPrivate": false, "repositoryTopics": "finagle twitter-oss scrooge ostrich twitter-server finatra sbt util", "primaryLanguage": {"name": "Shell", "color": "#89e051"}, "languages": "Shell", "pushedAt": "2019-12-13T00:27:35Z", "forkCount": 7, "stargazers": 16, "watchers": 26}, "twitter/analytics-infra-governance": {"nameWithOwner": "twitter/analytics-infra-governance", "name": "analytics-infra-governance", "descriptionHTML": "<div>Description of the process for how to commit, review, and release code to the Scalding OSS family (Scalding, Summingbird, Algebird, Bijection, Storehaus, etc)</div>", "homepageUrl": "", "isPrivate": false, "repositoryTopics": "", "primaryLanguage": null, "languages": "", "pushedAt": "2017-10-06T19:47:31Z", "forkCount": 4, "stargazers": 5, "watchers": 12}, "twitter/nodes": {"nameWithOwner": "twitter/nodes", "name": "nodes", "descriptionHTML": "<div> A library to implement asynchronous dependency graphs for services in Java</div>", "homepageUrl": "", "isPrivate": false, "repositoryTopics": "", "primaryLanguage": {"name": "Java", "color": "#b07219"}, "languages": "Java", "pushedAt": "2019-08-29T23:26:49Z", "forkCount": 30, "stargazers": 210, "watchers": 27}, "twitter/torch-twrl": {"nameWithOwner": "twitter/torch-twrl", "name": "torch-twrl", "descriptionHTML": "<div>Torch-twrl is a package that enables reinforcement learning in Torch.</div>", "homepageUrl": "", "isPrivate": false, "repositoryTopics": "", "primaryLanguage": {"name": "Lua", "color": "#000080"}, "languages": "Lua", "pushedAt": "2017-05-27T16:04:02Z", "forkCount": 49, "stargazers": 257, "watchers": 36}, "twitter/meta-learning-lstm": {"nameWithOwner": "twitter/meta-learning-lstm", "name": "meta-learning-lstm", "descriptionHTML": "<div>This repo contains the source code accompanying a scientific paper with the same name.</div>", "homepageUrl": null, "isPrivate": false, "repositoryTopics": "", "primaryLanguage": {"name": "Lua", "color": "#000080"}, "languages": "Lua Python", "pushedAt": "2017-02-28T04:54:04Z", "forkCount": 79, "stargazers": 244, "watchers": 16}, "twitter/ios-twitter-image-pipeline": {"nameWithOwner": "twitter/ios-twitter-image-pipeline", "name": "ios-twitter-image-pipeline", "descriptionHTML": "<div>Twitter Image Pipeline is a robust and performant image loading and caching framework for iOS clients</div>", "homepageUrl": "", "isPrivate": false, "repositoryTopics": "", "primaryLanguage": {"name": "Objective-C", "color": "#438eff"}, "languages": "Objective-C", "pushedAt": "2019-09-11T15:39:52Z", "forkCount": 84, "stargazers": 1773, "watchers": 37}, "twitter/groupcache": {"nameWithOwner": "twitter/groupcache", "name": "groupcache", "descriptionHTML": "<div>groupcache is a caching and cache-filling library, intended as a replacement for memcached in many cases.</div>", "homepageUrl": "", "isPrivate": false, "repositoryTopics": "", "primaryLanguage": {"name": "Go", "color": "#00ADD8"}, "languages": "Go", "pushedAt": "2019-10-21T19:49:46Z", "forkCount": 0, "stargazers": 7, "watchers": 7}, "twitter/torch-decisiontree": {"nameWithOwner": "twitter/torch-decisiontree", "name": "torch-decisiontree", "descriptionHTML": "<div>This project implements random forests and gradient boosted decision trees (GBDT). The latter uses gradient tree boosting. Both use ensemble learning to produce ensembles of decision trees (that is, forests).</div>", "homepageUrl": null, "isPrivate": false, "repositoryTopics": "", "primaryLanguage": {"name": "Lua", "color": "#000080"}, "languages": "Lua C", "pushedAt": "2018-05-07T14:36:55Z", "forkCount": 6, "stargazers": 93, "watchers": 5}, "twitter/Serial": {"nameWithOwner": "twitter/Serial", "name": "Serial", "descriptionHTML": "<div>Light-weight, fast framework for object serialization in Java, with Android support.</div>", "homepageUrl": null, "isPrivate": false, "repositoryTopics": "", "primaryLanguage": {"name": "Java", "color": "#b07219"}, "languages": "Java", "pushedAt": "2019-06-06T22:17:03Z", "forkCount": 55, "stargazers": 744, "watchers": 34}, "twitter/rsc": {"nameWithOwner": "twitter/rsc", "name": "rsc", "descriptionHTML": "<div>Experimental Scala compiler focused on compilation speed</div>", "homepageUrl": "", "isPrivate": false, "repositoryTopics": "", "primaryLanguage": {"name": "Scala", "color": "#c22d40"}, "languages": "Scala", "pushedAt": "2019-11-12T18:47:10Z", "forkCount": 42, "stargazers": 1249, "watchers": 92}, "twitter/ossdecks": {"nameWithOwner": "twitter/ossdecks", "name": "ossdecks", "descriptionHTML": "<div>Repository for Twitter Open Source Decks</div>", "homepageUrl": null, "isPrivate": false, "repositoryTopics": "", "primaryLanguage": null, "languages": "", "pushedAt": "2019-04-18T15:29:53Z", "forkCount": 4, "stargazers": 8, "watchers": 188}, "twitter/periscope-live-engagement-unity-sdk": {"nameWithOwner": "twitter/periscope-live-engagement-unity-sdk", "name": "periscope-live-engagement-unity-sdk", "descriptionHTML": "<div>Periscope Live Engagement Unity SDK</div>", "homepageUrl": null, "isPrivate": false, "repositoryTopics": "", "primaryLanguage": {"name": "C#", "color": "#178600"}, "languages": "JavaScript C#", "pushedAt": "2019-06-07T00:23:45Z", "forkCount": 2, "stargazers": 16, "watchers": 4}, "twitter/go-bindata": {"nameWithOwner": "twitter/go-bindata", "name": "go-bindata", "descriptionHTML": "<div></div>", "homepageUrl": null, "isPrivate": false, "repositoryTopics": "", "primaryLanguage": {"name": "Go", "color": "#00ADD8"}, "languages": "Go", "pushedAt": "2019-10-01T01:39:29Z", "forkCount": 10, "stargazers": 13, "watchers": 8}, "twitter/iago2": {"nameWithOwner": "twitter/iago2", "name": "iago2", "descriptionHTML": "<div>A load generator, built for engineers</div>", "homepageUrl": "", "isPrivate": false, "repositoryTopics": "", "primaryLanguage": {"name": "Scala", "color": "#c22d40"}, "languages": "Scala", "pushedAt": "2019-12-20T16:32:47Z", "forkCount": 1, "stargazers": 6, "watchers": 4}, "twitter/gatekeeper-service": {"nameWithOwner": "twitter/gatekeeper-service", "name": "gatekeeper-service", "descriptionHTML": "<div>GateKeeper is a service built to automate the manual steps involved in onboarding, offboarding, and lost asset scenarios.</div>", "homepageUrl": "", "isPrivate": false, "repositoryTopics": "", "primaryLanguage": {"name": "Python", "color": "#3572A5"}, "languages": "Python HTML", "pushedAt": "2018-09-18T21:32:04Z", "forkCount": 3, "stargazers": 16, "watchers": 7}, "twitter/sekhmet": {"nameWithOwner": "twitter/sekhmet", "name": "sekhmet", "descriptionHTML": "<div>foundational tools and building blocks for gaining insights and diagnosing system health in real-time</div>", "homepageUrl": "", "isPrivate": false, "repositoryTopics": "", "primaryLanguage": null, "languages": "", "pushedAt": "2018-06-03T20:37:36Z", "forkCount": 1, "stargazers": 16, "watchers": 8}, "twitter/caladrius": {"nameWithOwner": "twitter/caladrius", "name": "caladrius", "descriptionHTML": "<div>Performance modelling system for Distributed Stream Processing Systems (DSPS) such as Apache Heron and Apache Storm</div>", "homepageUrl": "", "isPrivate": false, "repositoryTopics": "", "primaryLanguage": {"name": "Python", "color": "#3572A5"}, "languages": "Python", "pushedAt": "2018-08-25T03:30:17Z", "forkCount": 4, "stargazers": 12, "watchers": 6}, "twitter/repo-scaffolding": {"nameWithOwner": "twitter/repo-scaffolding", "name": "repo-scaffolding", "descriptionHTML": "<div>Tools for creating repos based on open source standards and best practices</div>", "homepageUrl": "", "isPrivate": false, "repositoryTopics": "", "primaryLanguage": {"name": "Python", "color": "#3572A5"}, "languages": "Python", "pushedAt": "2019-02-18T06:35:16Z", "forkCount": 7, "stargazers": 14, "watchers": 4}, "twitter/ios-twitter-network-layer": {"nameWithOwner": "twitter/ios-twitter-network-layer", "name": "ios-twitter-network-layer", "descriptionHTML": "<div>Twitter Network Layer is a scalable and feature rich network layer built on top of NSURLSession for Apple platforms</div>", "homepageUrl": "", "isPrivate": false, "repositoryTopics": "", "primaryLanguage": {"name": "Objective-C", "color": "#438eff"}, "languages": "Objective-C", "pushedAt": "2019-09-11T15:39:04Z", "forkCount": 17, "stargazers": 487, "watchers": 17}, "twitter/twemoji-parser": {"nameWithOwner": "twitter/twemoji-parser", "name": "twemoji-parser", "descriptionHTML": "<div>A simple library for identifying emoji entities within a string in order to render them as Twemoji.</div>", "homepageUrl": "", "isPrivate": false, "repositoryTopics": "", "primaryLanguage": {"name": "JavaScript", "color": "#f1e05a"}, "languages": "JavaScript", "pushedAt": "2020-01-24T23:37:40Z", "forkCount": 7, "stargazers": 36, "watchers": 13}, "twitter/gpl-commitment": {"nameWithOwner": "twitter/gpl-commitment", "name": "gpl-commitment", "descriptionHTML": "<div>Twitter's GPL Cooperation Commitment</div>", "homepageUrl": "", "isPrivate": false, "repositoryTopics": "", "primaryLanguage": null, "languages": "", "pushedAt": "2018-10-26T21:12:33Z", "forkCount": 2, "stargazers": 0, "watchers": 2}, "twitter/sqrl": {"nameWithOwner": "twitter/sqrl", "name": "sqrl", "descriptionHTML": "<div>A Safe, Stateful Rules Language for Event Streams</div>", "homepageUrl": "", "isPrivate": false, "repositoryTopics": "", "primaryLanguage": {"name": "TypeScript", "color": "#2b7489"}, "languages": "TypeScript CSS", "pushedAt": "2019-12-27T23:11:19Z", "forkCount": 4, "stargazers": 23, "watchers": 6}, "twitter/rezolus": {"nameWithOwner": "twitter/rezolus", "name": "rezolus", "descriptionHTML": "<div>Systems performance telemetry</div>", "homepageUrl": null, "isPrivate": false, "repositoryTopics": "", "primaryLanguage": {"name": "Rust", "color": "#dea584"}, "languages": "Rust C", "pushedAt": "2020-01-24T22:05:28Z", "forkCount": 34, "stargazers": 745, "watchers": 31}, "twitter/curation-style-guide": {"nameWithOwner": "twitter/curation-style-guide", "name": "curation-style-guide", "descriptionHTML": "<div>Document Repository for Twitter's Curation Style Guide</div>", "homepageUrl": "https://help.twitter.com/en/rules-and-policies/curationstyleguide", "isPrivate": false, "repositoryTopics": "", "primaryLanguage": null, "languages": "", "pushedAt": "2019-06-20T20:58:52Z", "forkCount": 1, "stargazers": 4, "watchers": 4}, "pantsbuild/pants": {"nameWithOwner": "pantsbuild/pants", "name": "pants", "descriptionHTML": "<div>The Pants Build System</div>", "homepageUrl": "http://pantsbuild.org/", "isPrivate": false, "repositoryTopics": "build-tool build-tools build-system monorepo python java scala golang javascript rust", "primaryLanguage": {"name": "Python", "color": "#3572A5"}, "languages": "Python Java Rust", "pushedAt": "2020-01-27T05:19:33Z", "forkCount": 364, "stargazers": 1267, "watchers": 68}, "pantsbuild/pex": {"nameWithOwner": "pantsbuild/pex", "name": "pex", "descriptionHTML": "<div>A library and tool for generating .pex (Python EXecutable) files</div>", "homepageUrl": "", "isPrivate": false, "repositoryTopics": "", "primaryLanguage": {"name": "Python", "color": "#3572A5"}, "languages": "Python", "pushedAt": "2020-01-25T02:44:55Z", "forkCount": 169, "stargazers": 1528, "watchers": 48}, "twitterdev/search-tweets-python": {"nameWithOwner": "twitterdev/search-tweets-python", "name": "search-tweets-python", "descriptionHTML": "<div>Python wrapper for Twitter Premium and Enterprise Search APIs</div>", "homepageUrl": "https://twitterdev.github.io/search-tweets-python/", "isPrivate": false, "repositoryTopics": "search twitter python twitter-api twitter-apis twitterapi enterprise premium", "primaryLanguage": {"name": "Python", "color": "#3572A5"}, "languages": "Python", "pushedAt": "2019-07-15T13:56:27Z", "forkCount": 73, "stargazers": 151, "watchers": 24}}